-- phpMyAdmin SQL Dump
-- version 4.9.0.1
-- https://www.phpmyadmin.net/
--
-- Host: 127.0.0.1
-- Generation Time: Apr 12, 2021 at 05:17 AM
-- Server version: 10.3.16-MariaDB
-- PHP Version: 7.3.7

SET SQL_MODE = "NO_AUTO_VALUE_ON_ZERO";
SET AUTOCOMMIT = 0;
START TRANSACTION;
SET time_zone = "+00:00";


/*!40101 SET @OLD_CHARACTER_SET_CLIENT=@@CHARACTER_SET_CLIENT */;
/*!40101 SET @OLD_CHARACTER_SET_RESULTS=@@CHARACTER_SET_RESULTS */;
/*!40101 SET @OLD_COLLATION_CONNECTION=@@COLLATION_CONNECTION */;
/*!40101 SET NAMES utf8mb4 */;

--
-- Database: `inventaris`
--

-- --------------------------------------------------------

--
-- Table structure for table `bengkels`
--

CREATE TABLE `bengkels` (
  `id` bigint(20) UNSIGNED NOT NULL,
  `bengkel` varchar(10) COLLATE utf8mb4_unicode_ci NOT NULL,
  `id_pj` bigint(20) UNSIGNED NOT NULL,
  `created_at` timestamp NULL DEFAULT NULL,
  `updated_at` timestamp NULL DEFAULT NULL
) ENGINE=InnoDB DEFAULT CHARSET=utf8mb4 COLLATE=utf8mb4_unicode_ci;

--
-- Dumping data for table `bengkels`
--

INSERT INTO `bengkels` (`id`, `bengkel`, `id_pj`, `created_at`, `updated_at`) VALUES
(1, 'RPL', 6, '2021-02-01 02:19:34', '2021-02-16 06:45:52'),
(2, 'DPIB', 5, '2021-02-01 03:05:29', '2021-02-16 06:03:35'),
(3, 'TBSM', 7, '2021-02-08 02:00:01', '2021-02-16 22:56:12'),
(4, 'TPm', 8, '2021-02-16 06:46:24', '2021-02-16 20:38:29'),
(5, 'EI', 9, '2021-02-16 20:35:59', '2021-02-16 20:35:59'),
(6, 'OI', 10, '2021-02-21 06:14:43', '2021-02-21 06:14:43');

-- --------------------------------------------------------

--
-- Table structure for table `data_pinjams`
--

CREATE TABLE `data_pinjams` (
  `id` bigint(20) UNSIGNED NOT NULL,
  `kode_peminjaman` varchar(13) COLLATE utf8mb4_unicode_ci NOT NULL,
  `nama` varchar(12) COLLATE utf8mb4_unicode_ci NOT NULL,
  `id_barang` bigint(20) UNSIGNED NOT NULL,
  `kode_barang` varchar(12) COLLATE utf8mb4_unicode_ci NOT NULL,
  `tanggal_pinjam` date NOT NULL,
  `tenggat` date NOT NULL,
  `tanggal_kembali` date DEFAULT NULL,
  `created_at` timestamp NULL DEFAULT NULL,
  `updated_at` timestamp NULL DEFAULT NULL
) ENGINE=InnoDB DEFAULT CHARSET=utf8mb4 COLLATE=utf8mb4_unicode_ci;

--
-- Dumping data for table `data_pinjams`
--

INSERT INTO `data_pinjams` (`id`, `kode_peminjaman`, `nama`, `id_barang`, `kode_barang`, `tanggal_pinjam`, `tenggat`, `tanggal_kembali`, `created_at`, `updated_at`) VALUES
(3, 'PJM1402210001', 'supri', 2, '010221181831', '2021-02-14', '2021-03-14', '2021-02-15', '2021-02-14 13:12:00', '2021-02-15 13:20:20'),
(4, 'PJM1402210001', 'supri', 1, '010221181212', '2021-02-14', '2021-03-14', '2021-02-15', '2021-02-14 13:12:00', '2021-02-15 13:20:28'),
(5, 'PJM1502210001', 'tejo', 2, '010221181831', '2021-02-15', '2021-02-22', '2021-02-16', '2021-02-15 13:44:36', '2021-02-16 03:25:08'),
(6, 'PJM1502210001', 'tejo', 3, '070221202159', '2021-02-15', '2021-02-22', '2021-02-16', '2021-02-15 13:44:36', '2021-02-16 03:25:25'),
(7, 'PJM2402210001', 'smollpp', 2, '010221181831', '2021-02-24', '2021-03-03', '2021-02-24', '2021-02-24 01:56:37', '2021-02-24 02:08:28'),
(8, 'PJM2602210001', 'ook', 2, '010221181831', '2021-02-26', '2021-02-27', '2021-02-26', '2021-02-26 09:02:19', '2021-02-26 09:03:24'),
(9, 'PJM0803210001', 'endra', 4, '140221183712', '2021-03-08', '2021-03-15', '2021-03-08', '2021-03-08 04:46:12', '2021-03-08 05:38:30'),
(10, 'PJM1003210001', 'suki', 5, '140221184311', '2021-03-10', '2021-04-10', '2021-03-11', '2021-03-10 08:54:09', '2021-03-11 06:11:56'),
(11, 'PJM1003210001', 'suki', 11, '240221095740', '2021-03-10', '2021-04-10', '2021-03-11', '2021-03-10 08:54:10', '2021-03-11 06:14:41'),
(12, 'PJM1003210003', 'albert', 4, '140221183712', '2021-03-10', '2021-03-20', NULL, '2021-03-10 08:58:16', '2021-03-10 08:58:16'),
(13, 'PJM0504210001', 'bam', 1, '010221181212', '2021-04-05', '2021-04-12', '2021-04-05', '2021-04-05 02:46:34', '2021-04-05 02:47:18'),
(14, 'PJM0504210001', 'bam', 7, '170221145131', '2021-04-05', '2021-04-12', '2021-04-05', '2021-04-05 02:46:34', '2021-04-05 02:47:23'),
(15, 'PJM0804210001', 'rifki', 1, '010221181212', '2021-04-08', '2021-04-09', NULL, '2021-04-08 01:41:04', '2021-04-08 01:41:04');

-- --------------------------------------------------------

--
-- Table structure for table `failed_jobs`
--

CREATE TABLE `failed_jobs` (
  `id` bigint(20) UNSIGNED NOT NULL,
  `uuid` varchar(255) COLLATE utf8mb4_unicode_ci NOT NULL,
  `connection` text COLLATE utf8mb4_unicode_ci NOT NULL,
  `queue` text COLLATE utf8mb4_unicode_ci NOT NULL,
  `payload` longtext COLLATE utf8mb4_unicode_ci NOT NULL,
  `exception` longtext COLLATE utf8mb4_unicode_ci NOT NULL,
  `failed_at` timestamp NOT NULL DEFAULT current_timestamp()
) ENGINE=InnoDB DEFAULT CHARSET=utf8mb4 COLLATE=utf8mb4_unicode_ci;

-- --------------------------------------------------------

--
-- Table structure for table `funds`
--

CREATE TABLE `funds` (
  `id` bigint(20) UNSIGNED NOT NULL,
  `nama` varchar(15) COLLATE utf8mb4_unicode_ci NOT NULL,
  `created_at` timestamp NULL DEFAULT NULL,
  `updated_at` timestamp NULL DEFAULT NULL
) ENGINE=InnoDB DEFAULT CHARSET=utf8mb4 COLLATE=utf8mb4_unicode_ci;

--
-- Dumping data for table `funds`
--

INSERT INTO `funds` (`id`, `nama`, `created_at`, `updated_at`) VALUES
(1, 'BOS', '2021-02-01 03:06:18', '2021-02-04 22:37:40'),
(2, 'Komite', '2021-02-15 17:17:24', '2021-02-15 17:17:39');

-- --------------------------------------------------------

--
-- Table structure for table `items`
--

CREATE TABLE `items` (
  `id` bigint(20) UNSIGNED NOT NULL,
  `kode` varchar(12) COLLATE utf8mb4_unicode_ci NOT NULL,
  `nama` varchar(30) COLLATE utf8mb4_unicode_ci NOT NULL,
  `id_bengkel` bigint(20) UNSIGNED NOT NULL,
  `id_fund` bigint(20) UNSIGNED NOT NULL,
  `kondisi` varchar(15) COLLATE utf8mb4_unicode_ci DEFAULT NULL,
  `tanggal_cek` date DEFAULT NULL,
  `status` varchar(20) COLLATE utf8mb4_unicode_ci DEFAULT NULL,
  `gambar` text COLLATE utf8mb4_unicode_ci NOT NULL,
  `created_at` timestamp NULL DEFAULT NULL,
  `updated_at` timestamp NULL DEFAULT NULL
) ENGINE=InnoDB DEFAULT CHARSET=utf8mb4 COLLATE=utf8mb4_unicode_ci;

--
-- Dumping data for table `items`
--

INSERT INTO `items` (`id`, `kode`, `nama`, `id_bengkel`, `id_fund`, `kondisi`, `tanggal_cek`, `status`, `gambar`, `created_at`, `updated_at`) VALUES
(1, '010221181212', 'Proyektor', 2, 2, 'baik', '2021-04-05', 'dipinjam', '1603211615897389.jpg', '2021-02-01 11:12:13', '2021-04-08 01:41:04'),
(2, '010221181831', 'komputer', 1, 1, 'rusak', '2021-02-26', 'Sedang Diperbaiki', '1603211615896173.png', '2021-02-01 11:18:31', '2021-03-17 04:51:31'),
(3, '070221202159', 'Alat Ukur', 2, 1, 'rusak', '2021-04-08', 'ada', '1603211615896878.jpg', '2021-02-07 13:21:59', '2021-04-07 23:53:39'),
(4, '140221183712', 'Mesin motor', 3, 1, 'baik', '2021-02-25', 'dipinjam', '1702211613532101.jpg', '2021-02-14 11:37:12', '2021-03-16 12:38:36'),
(5, '140221184311', 'Komputer 2', 1, 1, 'baik', '2021-02-20', 'ada', '1603211615896195.png', '2021-02-14 11:43:11', '2021-03-16 12:03:15'),
(6, '170221101746', 'Mesin Bubut', 4, 2, 'baik', '2021-03-13', 'ada', '1702211613531866.jpg', '2021-02-17 03:17:46', '2021-03-16 12:39:17'),
(7, '170221145131', 'Penggaris', 2, 1, 'rusak', '2021-04-05', 'ada', '1603211615897486.jpg', '2021-02-17 07:51:31', '2021-04-05 02:49:02'),
(8, '210221194630', 'Solder', 5, 2, 'baik', '2021-02-21', 'ada', '1603211615901200.jpg', '2021-02-21 12:46:30', '2021-03-16 13:26:40'),
(9, '210221195250', 'Kabel', 5, 2, 'baik', '2021-02-21', 'ada', '2102211613911970.png', '2021-02-21 12:52:50', '2021-03-16 13:10:24'),
(10, '240221093802', 'meja', 2, 1, 'rusak', '2021-04-08', 'ada', '1603211615897936.jpg', '2021-02-24 02:38:02', '2021-04-08 01:16:42'),
(11, '240221095740', 'komputer', 2, 2, 'rusak', '2021-03-17', 'Sedang Diperbaiki', '1603211615898267.png', '2021-02-24 02:57:40', '2021-04-05 02:52:27'),
(12, '250221095741', 'kompresor', 3, 1, 'baik', '2021-02-25', 'ada', '2502211614221861.jpg', '2021-02-25 02:57:41', '2021-03-31 08:41:00'),
(13, '130321150743', 'kompresor', 4, 2, 'baik', '2021-03-13', 'ada', 'barang.png', '2021-03-13 08:07:43', '2021-03-13 08:07:43'),
(14, '170321114949', 'Komputer', 1, 2, 'baik', '2021-03-17', 'ada', 'barang.png', '2021-03-17 04:49:49', '2021-03-17 04:49:49'),
(15, '310321111432', 'megaphone', 1, 2, 'baik', '2021-03-31', 'ada', 'barang.png', '2021-03-31 04:14:32', '2021-03-31 04:14:32'),
(16, '310321111547', 'soundsystem', 5, 2, 'baik', '2021-03-31', 'ada', 'barang.png', '2021-03-31 04:15:47', '2021-03-31 04:15:47'),
(17, '310321111840', 'lcd proyektor', 1, 2, 'baik', '2021-03-31', 'ada', 'barang.png', '2021-03-31 04:18:40', '2021-03-31 04:18:40'),
(18, '310321112413', 'lcd monitor', 1, 2, 'baik', '2021-03-31', 'ada', 'barang.png', '2021-03-31 04:24:13', '2021-03-31 04:24:13'),
(19, '310321113422', 'Microphone', 5, 2, 'baik', '2021-03-31', 'ada', 'barang.png', '2021-03-31 04:34:22', '2021-03-31 04:34:22'),
(20, '310321113900', 'kabel lan', 1, 2, 'baik', '2021-03-31', 'ada', 'barang.png', '2021-03-31 04:39:00', '2021-03-31 04:39:00'),
(21, '310321114416', 'router', 1, 1, 'baik', '2021-03-31', 'ada', 'barang.png', '2021-03-31 04:44:16', '2021-03-31 04:44:16'),
(22, '310321115335', 'kabel jack', 5, 1, 'baik', '2021-03-31', 'ada', 'barang.png', '2021-03-31 04:53:35', '2021-03-31 04:53:35'),
(23, '310321115359', 'amplifire', 6, 2, 'baik', '2021-03-31', 'ada', 'barang.png', '2021-03-31 04:53:59', '2021-03-31 04:53:59'),
(24, '310321115924', 'lampu pijar', 6, 2, 'baik', '2021-03-31', 'ada', 'barang.png', '2021-03-31 04:59:24', '2021-03-31 04:59:24'),
(25, '310321120132', 'dispenser', 1, 2, 'baik', '2021-03-31', 'ada', 'barang.png', '2021-03-31 05:01:32', '2021-03-31 05:01:32'),
(26, '310321120153', 'dispenser', 2, 2, 'baik', '2021-03-31', 'ada', 'barang.png', '2021-03-31 05:01:53', '2021-03-31 05:01:53'),
(27, '310321120228', 'dispenser', 3, 2, 'baik', '2021-03-31', 'ada', 'barang.png', '2021-03-31 05:02:28', '2021-03-31 05:02:28'),
(28, '310321120258', 'dispenser', 4, 2, 'baik', '2021-03-31', 'ada', 'barang.png', '2021-03-31 05:02:58', '2021-03-31 05:02:58'),
(29, '310321120318', 'dispenser', 5, 2, 'baik', '2021-03-31', 'ada', 'barang.png', '2021-03-31 05:03:18', '2021-03-31 05:03:18'),
(30, '310321120333', 'dispenser', 6, 2, 'baik', '2021-03-31', 'ada', 'barang.png', '2021-03-31 05:03:33', '2021-03-31 05:03:33'),
(31, '310321120519', 'mouse', 1, 2, 'baik', '2021-03-31', 'ada', 'barang.png', '2021-03-31 05:05:19', '2021-03-31 05:05:19'),
(32, '310321121025', 'wireless microphone', 1, 1, 'baik', '2021-03-31', 'ada', 'barang.png', '2021-03-31 05:10:25', '2021-03-31 05:10:25'),
(33, '310321121117', 'smart tv', 5, 1, 'baik', '2021-03-31', 'ada', 'barang.png', '2021-03-31 05:11:17', '2021-03-31 05:11:17'),
(34, '310321121220', 'genset', 6, 1, 'baik', '2021-03-31', 'ada', 'barang.png', '2021-03-31 05:12:20', '2021-03-31 05:12:20'),
(35, '310321121412', 'gerinda', 4, 2, 'baik', '2021-03-31', 'ada', 'barang.png', '2021-03-31 05:14:12', '2021-03-31 05:14:12'),
(36, '310321121646', 'monitor', 1, 2, 'baik', '2021-03-31', 'ada', 'barang.png', '2021-03-31 05:16:46', '2021-03-31 05:16:46'),
(37, '310321123316', 'cpu', 1, 1, 'baik', '2021-03-31', 'ada', 'barang.png', '2021-03-31 05:33:16', '2021-03-31 05:33:16'),
(38, '310321151111', 'headset', 1, 1, 'baik', '2021-03-31', 'ada', 'barang.png', '2021-03-31 08:11:11', '2021-03-31 08:11:11'),
(39, '310321153137', 'printer', 1, 2, 'baik', '2021-03-31', 'ada', 'barang.png', '2021-03-31 08:31:37', '2021-03-31 08:31:37'),
(40, '310321153543', 'Ac', 1, 2, 'baik', '2021-03-31', 'ada', 'barang.png', '2021-03-31 08:35:43', '2021-03-31 08:35:43'),
(41, '310321153600', 'Ac', 2, 2, 'baik', '2021-03-31', 'ada', 'barang.png', '2021-03-31 08:36:00', '2021-03-31 08:36:00'),
(42, '310321153620', 'Ac', 3, 2, 'baik', '2021-03-31', 'ada', 'barang.png', '2021-03-31 08:36:20', '2021-03-31 08:36:20'),
(43, '310321153658', 'Ac', 4, 2, 'baik', '2021-03-31', 'ada', 'barang.png', '2021-03-31 08:36:58', '2021-03-31 08:36:58'),
(44, '310321153715', 'Ac', 5, 2, 'baik', '2021-03-31', 'ada', 'barang.png', '2021-03-31 08:37:15', '2021-03-31 08:37:15'),
(45, '310321153730', 'Ac', 6, 2, 'baik', '2021-03-31', 'ada', 'barang.png', '2021-03-31 08:37:30', '2021-03-31 08:37:30'),
(46, '310321153747', 'kipas angin', 1, 1, 'baik', '2021-03-31', 'ada', 'barang.png', '2021-03-31 08:37:47', '2021-03-31 08:37:47'),
(47, '310321153826', 'kipas angin', 2, 1, 'baik', '2021-03-31', 'ada', 'barang.png', '2021-03-31 08:38:26', '2021-03-31 08:38:26'),
(48, '310321153932', 'kipas angin', 3, 1, 'baik', '2021-03-31', 'ada', 'barang.png', '2021-03-31 08:39:32', '2021-03-31 08:39:32'),
(49, '310321153951', 'kipas angin', 4, 1, 'baik', '2021-03-31', 'ada', 'barang.png', '2021-03-31 08:39:51', '2021-03-31 08:39:51'),
(50, '310321154012', 'kipas angin', 5, 1, 'baik', '2021-03-31', 'ada', 'barang.png', '2021-03-31 08:40:12', '2021-03-31 08:40:12'),
(51, '310321154029', 'kipas angin', 6, 1, 'baik', '2021-03-31', 'ada', 'barang.png', '2021-03-31 08:40:29', '2021-03-31 08:40:29'),
(52, '310321154142', 'panel surya', 5, 1, 'baik', '2021-03-31', 'ada', 'barang.png', '2021-03-31 08:41:42', '2021-03-31 08:41:42'),
(53, '310321154212', 'alat kikir', 4, 1, 'baik', '2021-03-31', 'ada', 'barang.png', '2021-03-31 08:42:12', '2021-03-31 08:42:12'),
(54, '310321154253', 'panel surya', 6, 1, 'baik', '2021-03-31', 'ada', 'barang.png', '2021-03-31 08:42:53', '2021-03-31 08:42:53'),
(55, '310321154333', 'speaker', 1, 2, 'baik', '2021-03-31', 'ada', 'barang.png', '2021-03-31 08:43:33', '2021-03-31 08:43:33'),
(56, '310321154550', 'solder', 5, 1, 'baik', '2021-03-31', 'ada', 'barang.png', '2021-03-31 08:45:50', '2021-03-31 08:45:50'),
(57, '310321154631', 'alat bor', 2, 1, 'baik', '2021-03-31', 'ada', 'barang.png', '2021-03-31 08:46:31', '2021-03-31 08:46:31'),
(58, '310321154707', 'kamera', 1, 1, 'baik', '2021-03-31', 'ada', 'barang.png', '2021-03-31 08:47:07', '2021-03-31 08:47:07'),
(59, '310321154727', 'keyboard', 1, 1, 'baik', '2021-03-31', 'ada', 'barang.png', '2021-03-31 08:47:27', '2021-03-31 08:47:27'),
(60, '310321154752', 'handycam', 1, 2, 'baik', '2021-03-31', 'ada', 'barang.png', '2021-03-31 08:47:52', '2021-03-31 08:47:52'),
(61, '310321154857', 'kabel hdmi', 1, 1, 'baik', '2021-03-31', 'ada', 'barang.png', '2021-03-31 08:48:57', '2021-03-31 08:48:57'),
(62, '310321154914', 'mouse', 1, 1, 'baik', '2021-03-31', 'ada', 'barang.png', '2021-03-31 08:49:14', '2021-03-31 08:49:14'),
(63, '310321154933', 'mouse', 1, 1, 'baik', '2021-03-31', 'ada', 'barang.png', '2021-03-31 08:49:33', '2021-03-31 08:49:33'),
(64, '310321154949', 'mouse', 1, 1, 'baik', '2021-03-31', 'ada', 'barang.png', '2021-03-31 08:49:49', '2021-03-31 08:49:49'),
(65, '310321155003', 'mouse', 1, 1, 'baik', '2021-03-31', 'ada', 'barang.png', '2021-03-31 08:50:03', '2021-03-31 08:50:03'),
(66, '310321155102', 'keyboard', 1, 1, 'baik', '2021-03-31', 'ada', 'barang.png', '2021-03-31 08:51:02', '2021-03-31 08:51:02'),
(67, '310321155123', 'keyboard', 1, 1, 'baik', '2021-03-31', 'ada', 'barang.png', '2021-03-31 08:51:23', '2021-03-31 08:51:23'),
(68, '310321155211', 'keyboard', 1, 1, 'baik', '2021-03-31', 'ada', 'barang.png', '2021-03-31 08:52:11', '2021-03-31 08:52:11'),
(69, '310321155348', 'monitor', 1, 1, 'baik', '2021-03-31', 'ada', 'barang.png', '2021-03-31 08:53:48', '2021-03-31 08:53:48'),
(70, '310321155430', 'monitor', 1, 1, 'baik', '2021-03-31', 'ada', 'barang.png', '2021-03-31 08:54:30', '2021-03-31 08:54:30'),
(71, '310321155552', 'ban luar', 3, 1, 'baik', '2021-03-31', 'ada', 'barang.png', '2021-03-31 08:55:52', '2021-03-31 08:55:52'),
(72, '310321155614', 'ban luar', 3, 1, 'baik', '2021-03-31', 'ada', 'barang.png', '2021-03-31 08:56:14', '2021-03-31 08:56:14'),
(73, '310321155701', 'ban dalam', 3, 1, 'baik', '2021-03-31', 'ada', 'barang.png', '2021-03-31 08:57:01', '2021-03-31 08:57:01'),
(74, '310321155720', 'lem aibon', 2, 2, 'baik', '2021-03-31', 'ada', 'barang.png', '2021-03-31 08:57:20', '2021-03-31 08:57:20'),
(75, '310321155733', 'velg', 3, 1, 'baik', '2021-03-31', 'ada', 'barang.png', '2021-03-31 08:57:33', '2021-03-31 08:57:33'),
(76, '310321155950', 'headset', 1, 2, 'baik', '2021-03-31', 'ada', 'barang.png', '2021-03-31 08:59:50', '2021-03-31 08:59:50'),
(77, '310321160126', 'bola lampu', 5, 1, 'baik', '2021-03-31', 'ada', 'barang.png', '2021-03-31 09:01:26', '2021-03-31 09:01:26'),
(78, '310321160401', 'intregrated circuit', 5, 1, 'baik', '2021-03-31', 'ada', 'barang.png', '2021-03-31 09:04:01', '2021-03-31 09:04:01'),
(79, '310321160504', 'dinamo', 5, 1, 'baik', '2021-03-31', 'ada', 'barang.png', '2021-03-31 09:05:04', '2021-03-31 09:05:04'),
(80, '010421131455', 'PC', 1, 1, 'baik', '2021-04-01', 'ada', 'barang.png', '2021-04-01 06:14:55', '2021-04-01 06:14:55'),
(81, '010421131521', 'keyboard', 1, 1, 'baik', '2021-04-01', 'ada', 'barang.png', '2021-04-01 06:15:21', '2021-04-01 06:15:21'),
(82, '010421131549', 'Ac', 1, 1, 'baik', '2021-04-01', 'ada', 'barang.png', '2021-04-01 06:15:49', '2021-04-01 06:15:49'),
(83, '010421131612', 'Meja Komputer', 1, 1, 'baik', '2021-04-01', 'ada', 'barang.png', '2021-04-01 06:16:12', '2021-04-01 06:16:12'),
(84, '010421131641', 'Mouse', 1, 1, 'baik', '2021-04-01', 'ada', 'barang.png', '2021-04-01 06:16:41', '2021-04-01 06:16:41'),
(85, '010421131800', 'Meja', 2, 2, 'baik', '2021-04-01', 'ada', 'barang.png', '2021-04-01 06:18:00', '2021-04-01 06:18:00'),
(86, '010421131814', 'kursi', 2, 2, 'baik', '2021-04-01', 'ada', 'barang.png', '2021-04-01 06:18:14', '2021-04-01 06:18:14'),
(87, '010421131829', 'alat ukur', 2, 2, 'baik', '2021-04-01', 'ada', 'barang.png', '2021-04-01 06:18:29', '2021-04-01 06:18:29'),
(88, '010421131904', 'meteran', 2, 1, 'baik', '2021-04-01', 'ada', 'barang.png', '2021-04-01 06:19:04', '2021-04-01 06:19:04'),
(89, '010421131944', 'alat tulis', 2, 2, 'baik', '2021-04-01', 'ada', 'barang.png', '2021-04-01 06:19:44', '2021-04-01 06:19:44'),
(90, '010421132013', 'alat pemotong kayu', 2, 2, 'baik', '2021-04-01', 'ada', 'barang.png', '2021-04-01 06:20:13', '2021-04-01 06:20:13'),
(91, '010421132036', 'teropong', 2, 2, 'baik', '2021-04-01', 'ada', 'barang.png', '2021-04-01 06:20:36', '2021-04-01 06:20:36'),
(92, '010421132056', 'papan tulis', 2, 1, 'baik', '2021-04-01', 'ada', 'barang.png', '2021-04-01 06:20:56', '2021-04-01 06:20:56'),
(93, '010421132211', 'alat kebersihan', 2, 2, 'baik', '2021-04-01', 'ada', 'barang.png', '2021-04-01 06:22:11', '2021-04-01 06:22:11'),
(94, '010421132321', 'lemari alat', 2, 2, 'baik', '2021-04-01', 'ada', 'barang.png', '2021-04-01 06:23:21', '2021-04-01 06:23:21'),
(95, '010421132340', 'buku', 2, 2, 'baik', '2021-04-01', 'ada', 'barang.png', '2021-04-01 06:23:40', '2021-04-01 06:23:40'),
(96, '010421132449', 'papan pengumuman', 2, 1, 'baik', '2021-04-01', 'ada', 'barang.png', '2021-04-01 06:24:49', '2021-04-01 06:24:49'),
(97, '010421132606', 'lem kayu', 2, 2, 'baik', '2021-04-01', 'ada', 'barang.png', '2021-04-01 06:26:06', '2021-04-01 06:26:06'),
(98, '010421132620', 'cat kayu', 2, 2, 'baik', '2021-04-01', 'ada', 'barang.png', '2021-04-01 06:26:20', '2021-04-01 06:26:20'),
(99, '010421132645', 'Ac', 2, 2, 'baik', '2021-04-01', 'ada', 'barang.png', '2021-04-01 06:26:45', '2021-04-01 06:26:45'),
(100, '010421132914', 'meja', 3, 2, 'baik', '2021-04-01', 'ada', 'barang.png', '2021-04-01 06:29:14', '2021-04-01 06:29:14'),
(101, '010421132931', 'kursi', 3, 2, 'baik', '2021-04-01', 'ada', 'barang.png', '2021-04-01 06:29:31', '2021-04-01 06:29:31'),
(102, '010421133000', 'oli', 3, 2, 'baik', '2021-04-01', 'ada', 'barang.png', '2021-04-01 06:30:00', '2021-04-01 06:30:00'),
(103, '010421133013', 'mur', 3, 1, 'baik', '2021-04-01', 'ada', 'barang.png', '2021-04-01 06:30:13', '2021-04-01 06:30:13'),
(104, '010421133029', 'tang', 3, 2, 'baik', '2021-04-01', 'ada', 'barang.png', '2021-04-01 06:30:29', '2021-04-01 06:30:29'),
(105, '010421133048', 'graji besi', 3, 1, 'baik', '2021-04-01', 'ada', 'barang.png', '2021-04-01 06:30:48', '2021-04-01 06:30:48'),
(106, '010421133108', 'aki', 3, 1, 'baik', '2021-04-01', 'ada', 'barang.png', '2021-04-01 06:31:08', '2021-04-01 06:31:08'),
(107, '010421133200', 'kampas rem', 3, 2, 'baik', '2021-04-01', 'ada', 'barang.png', '2021-04-01 06:32:00', '2021-04-01 06:32:00'),
(108, '010421133303', 'kompa angin', 3, 1, 'baik', '2021-04-01', 'ada', 'barang.png', '2021-04-01 06:33:03', '2021-04-01 06:33:03'),
(109, '010421133401', 'kipas angin', 3, 1, 'baik', '2021-04-01', 'ada', 'barang.png', '2021-04-01 06:34:01', '2021-04-01 06:34:01'),
(110, '010421133423', 'alat bor', 3, 2, 'baik', '2021-04-01', 'ada', 'barang.png', '2021-04-01 06:34:23', '2021-04-01 06:34:23'),
(111, '010421133539', 'mobil', 4, 1, 'baik', '2021-04-01', 'ada', 'barang.png', '2021-04-01 06:35:39', '2021-04-01 06:35:39'),
(112, '010421133645', 'alat tang', 4, 2, 'baik', '2021-04-01', 'ada', 'barang.png', '2021-04-01 06:36:45', '2021-04-01 06:36:45'),
(113, '010421133722', 'bahan bakar', 4, 1, 'baik', '2021-04-01', 'ada', 'barang.png', '2021-04-01 06:37:22', '2021-04-01 06:37:22'),
(114, '010421134157', 'baju bengkel', 4, 2, 'baik', '2021-04-01', 'ada', 'barang.png', '2021-04-01 06:41:57', '2021-04-01 06:41:57'),
(115, '010421134211', 'alat las', 4, 2, 'baik', '2021-04-01', 'ada', 'barang.png', '2021-04-01 06:42:11', '2021-04-01 06:42:11'),
(116, '010421134258', 'diesel', 4, 1, 'baik', '2021-04-01', 'ada', 'barang.png', '2021-04-01 06:42:58', '2021-04-01 06:42:58'),
(117, '010421134433', 'meja', 5, 2, 'baik', '2021-04-01', 'ada', 'barang.png', '2021-04-01 06:44:33', '2021-04-01 06:44:33'),
(118, '010421134447', 'kursi', 5, 1, 'baik', '2021-04-01', 'ada', 'barang.png', '2021-04-01 06:44:47', '2021-04-01 06:44:47'),
(119, '010421134501', 'komputer', 5, 1, 'baik', '2021-04-01', 'ada', 'barang.png', '2021-04-01 06:45:01', '2021-04-01 06:45:01'),
(120, '010421134514', 'keyboard', 5, 1, 'baik', '2021-04-01', 'ada', 'barang.png', '2021-04-01 06:45:14', '2021-04-01 06:45:14'),
(121, '010421134539', 'mouse', 5, 1, 'baik', '2021-04-01', 'ada', 'barang.png', '2021-04-01 06:45:39', '2021-04-01 06:45:39'),
(122, '010421134556', 'buku ajaran', 5, 1, 'baik', '2021-04-01', 'ada', 'barang.png', '2021-04-01 06:45:56', '2021-04-01 06:45:56'),
(123, '010421134610', 'jurnal kelas', 5, 1, 'baik', '2021-04-01', 'ada', 'barang.png', '2021-04-01 06:46:10', '2021-04-01 06:46:10'),
(124, '010421134628', 'papan tulis', 5, 1, 'baik', '2021-04-01', 'ada', 'barang.png', '2021-04-01 06:46:28', '2021-04-01 06:46:28'),
(125, '010421134649', 'papan pengumuman', 5, 1, 'baik', '2021-04-01', 'ada', 'barang.png', '2021-04-01 06:46:49', '2021-04-01 06:46:49'),
(126, '010421134757', 'papan tulis', 6, 1, 'baik', '2021-04-01', 'ada', 'barang.png', '2021-04-01 06:47:57', '2021-04-01 06:47:57'),
(127, '010421134818', 'papan pengumuman', 6, 1, 'baik', '2021-04-01', 'ada', 'barang.png', '2021-04-01 06:48:18', '2021-04-01 06:48:18'),
(128, '010421134834', 'komputer', 6, 1, 'baik', '2021-04-01', 'ada', 'barang.png', '2021-04-01 06:48:34', '2021-04-01 06:48:34'),
(129, '010421134850', 'keyboard', 6, 1, 'baik', '2021-04-01', 'ada', 'barang.png', '2021-04-01 06:48:50', '2021-04-01 06:48:50'),
(130, '010421134945', 'mouse', 6, 1, 'baik', '2021-04-01', 'ada', 'barang.png', '2021-04-01 06:49:45', '2021-04-01 06:49:45'),
(131, '010421135035', 'mesin peneomatik', 6, 1, 'baik', '2021-04-01', 'ada', 'barang.png', '2021-04-01 06:50:35', '2021-04-01 06:50:35'),
(132, '010421135053', 'obeng', 6, 1, 'baik', '2021-04-01', 'ada', 'barang.png', '2021-04-01 06:50:53', '2021-04-01 06:50:53'),
(133, '010421135129', 'alat tulis', 6, 1, 'baik', '2021-04-01', 'ada', 'barang.png', '2021-04-01 06:51:29', '2021-04-01 06:51:29'),
(134, '010421135146', 'jurnal kelas', 6, 1, 'baik', '2021-04-01', 'ada', 'barang.png', '2021-04-01 06:51:46', '2021-04-01 06:51:46'),
(135, '010421135215', 'buku jurusan', 6, 1, 'baik', '2021-04-01', 'ada', 'barang.png', '2021-04-01 06:52:15', '2021-04-01 06:52:15'),
(136, '010421135344', 'penghapus papan', 6, 1, 'baik', '2021-04-01', 'ada', 'barang.png', '2021-04-01 06:53:44', '2021-04-01 06:53:44'),
(137, '010421135410', 'alat bor baut', 6, 1, 'baik', '2021-04-01', 'ada', 'barang.png', '2021-04-01 06:54:10', '2021-04-01 06:54:10'),
(138, '010421140855', 'jurnal kelas', 4, 1, 'baik', '2021-04-01', 'ada', 'barang.png', '2021-04-01 07:08:55', '2021-04-01 07:08:55'),
(139, '010421140918', 'papan pengumuman', 4, 1, 'baik', '2021-04-01', 'ada', 'barang.png', '2021-04-01 07:09:18', '2021-04-01 07:09:18'),
(140, '010421140932', 'papan tulis', 4, 1, 'baik', '2021-04-01', 'ada', 'barang.png', '2021-04-01 07:09:32', '2021-04-01 07:09:32'),
(141, '010421140947', 'alat tulis', 4, 1, 'baik', '2021-04-01', 'ada', 'barang.png', '2021-04-01 07:09:47', '2021-04-01 07:09:47'),
(142, '010421141007', 'penghapus papan', 4, 1, 'baik', '2021-04-01', 'ada', 'barang.png', '2021-04-01 07:10:07', '2021-04-01 07:10:07'),
(143, '010421141035', 'buku ajaran', 4, 1, 'baik', '2021-04-01', 'ada', 'barang.png', '2021-04-01 07:10:35', '2021-04-01 07:10:35'),
(144, '010421141303', 'motor', 4, 1, 'baik', '2021-04-01', 'ada', 'barang.png', '2021-04-01 07:13:03', '2021-04-01 07:13:03'),
(145, '010421141322', 'mesin CNC', 4, 1, 'baik', '2021-04-01', 'ada', 'barang.png', '2021-04-01 07:13:22', '2021-04-01 07:13:22'),
(146, '010421141516', 'kabel jack', 6, 1, 'baik', '2021-04-01', 'ada', 'barang.png', '2021-04-01 07:15:16', '2021-04-01 07:15:16'),
(147, '050421094507', 'alat ukur', 2, 2, 'baik', '2021-04-05', 'ada', 'barang.png', '2021-04-05 02:45:07', '2021-04-05 02:45:07');

-- --------------------------------------------------------

--
-- Table structure for table `keluars`
--

CREATE TABLE `keluars` (
  `id` bigint(20) UNSIGNED NOT NULL,
  `id_barang` bigint(20) UNSIGNED NOT NULL,
  `kode_barang` varchar(12) COLLATE utf8mb4_unicode_ci NOT NULL,
  `tanggal` date NOT NULL,
  `keterangan` varchar(20) COLLATE utf8mb4_unicode_ci DEFAULT NULL,
  `created_at` timestamp NULL DEFAULT NULL,
  `updated_at` timestamp NULL DEFAULT NULL
) ENGINE=InnoDB DEFAULT CHARSET=utf8mb4 COLLATE=utf8mb4_unicode_ci;

--
-- Dumping data for table `keluars`
--

INSERT INTO `keluars` (`id`, `id_barang`, `kode_barang`, `tanggal`, `keterangan`, `created_at`, `updated_at`) VALUES
(2, 3, '070221202159', '2021-02-23', 'Sedang Diperbaiki', '2021-02-22 21:18:36', '2021-02-22 21:18:36'),
(3, 2, '010221181831', '2021-02-24', 'Dipinjam', '2021-02-24 01:56:37', '2021-02-24 01:56:37'),
(4, 2, '010221181831', '2021-02-26', 'Dipinjam', '2021-02-26 09:02:19', '2021-02-26 09:02:19'),
(5, 4, '140221183712', '2021-03-08', 'Dipinjam', '2021-03-08 04:46:12', '2021-03-08 04:46:12'),
(6, 5, '140221184311', '2021-03-10', 'Dipinjam', '2021-03-10 08:54:09', '2021-03-10 08:54:09'),
(7, 11, '240221095740', '2021-03-10', 'Dipinjam', '2021-03-10 08:54:10', '2021-03-10 08:54:10'),
(8, 4, '140221183712', '2021-03-10', 'Dipinjam', '2021-03-10 08:58:16', '2021-03-10 08:58:16'),
(9, 1, '010221181212', '2021-03-16', 'Sedang Diperbaiki', '2021-03-16 13:30:06', '2021-03-16 13:30:06'),
(10, 2, '010221181831', '2021-03-17', 'Sedang Diperbaiki', '2021-03-17 04:51:31', '2021-03-17 04:51:31'),
(11, 1, '010221181212', '2021-03-17', 'Selesai Diperbaiki', '2021-03-17 04:57:20', '2021-03-17 04:57:20'),
(12, 1, '010221181212', '2021-04-05', 'Dipinjam', '2021-04-05 02:46:34', '2021-04-05 02:46:34'),
(13, 7, '170221145131', '2021-04-05', 'Dipinjam', '2021-04-05 02:46:34', '2021-04-05 02:46:34'),
(14, 11, '240221095740', '2021-04-05', 'Sedang Diperbaiki', '2021-04-05 02:52:27', '2021-04-05 02:52:27'),
(15, 3, '070221202159', '2021-04-05', 'Selesai Diperbaiki', '2021-04-05 02:53:31', '2021-04-05 02:53:31'),
(16, 1, '010221181212', '2021-04-08', 'Dipinjam', '2021-04-08 01:41:04', '2021-04-08 01:41:04');

-- --------------------------------------------------------

--
-- Table structure for table `list_pinjams`
--

CREATE TABLE `list_pinjams` (
  `id` bigint(20) UNSIGNED NOT NULL,
  `nama` varchar(20) COLLATE utf8mb4_unicode_ci NOT NULL,
  `id_barang` bigint(20) UNSIGNED NOT NULL,
  `kode_barang` varchar(12) COLLATE utf8mb4_unicode_ci NOT NULL,
  `created_at` timestamp NULL DEFAULT NULL,
  `updated_at` timestamp NULL DEFAULT NULL
) ENGINE=InnoDB DEFAULT CHARSET=utf8mb4 COLLATE=utf8mb4_unicode_ci;

-- --------------------------------------------------------

--
-- Table structure for table `masuks`
--

CREATE TABLE `masuks` (
  `id` bigint(20) UNSIGNED NOT NULL,
  `id_barang` bigint(20) UNSIGNED NOT NULL,
  `kode_barang` varchar(12) COLLATE utf8mb4_unicode_ci NOT NULL,
  `tanggal` date NOT NULL,
  `keterangan` varchar(20) COLLATE utf8mb4_unicode_ci DEFAULT NULL,
  `created_at` timestamp NULL DEFAULT NULL,
  `updated_at` timestamp NULL DEFAULT NULL
) ENGINE=InnoDB DEFAULT CHARSET=utf8mb4 COLLATE=utf8mb4_unicode_ci;

--
-- Dumping data for table `masuks`
--

INSERT INTO `masuks` (`id`, `id_barang`, `kode_barang`, `tanggal`, `keterangan`, `created_at`, `updated_at`) VALUES
(6, 9, '210221195250', '2021-02-21', 'Barang Baru', '2021-02-21 12:52:50', '2021-02-21 12:52:50'),
(7, 2, '010221181831', '2021-02-24', 'Dikembalikan', '2021-02-24 02:08:28', '2021-02-24 02:08:28'),
(8, 10, '240221093802', '2021-02-24', 'Barang Baru', '2021-02-24 02:38:02', '2021-02-24 02:38:02'),
(9, 11, '240221095740', '2021-02-24', 'Barang Baru', '2021-02-24 02:57:41', '2021-02-24 02:57:41'),
(10, 12, '250221095741', '2021-02-25', 'Barang Baru', '2021-02-25 02:57:43', '2021-02-25 02:57:43'),
(11, 2, '010221181831', '2021-02-26', 'Dikembalikan', '2021-02-26 09:03:24', '2021-02-26 09:03:24'),
(12, 4, '140221183712', '2021-03-08', 'Dikembalikan', '2021-03-08 05:38:29', '2021-03-08 05:38:29'),
(13, 5, '140221184311', '2021-03-11', 'Dikembalikan', '2021-03-11 06:11:56', '2021-03-11 06:11:56'),
(14, 11, '240221095740', '2021-03-11', 'Dikembalikan', '2021-03-11 06:14:41', '2021-03-11 06:14:41'),
(15, 13, '130321150743', '2021-03-13', 'Barang Baru', '2021-03-13 08:07:43', '2021-03-13 08:07:43'),
(16, 14, '170321114949', '2021-03-17', 'Barang Baru', '2021-03-17 04:49:49', '2021-03-17 04:49:49'),
(17, 15, '310321111432', '2021-03-31', 'Barang Baru', '2021-03-31 04:14:33', '2021-03-31 04:14:33'),
(18, 16, '310321111547', '2021-03-31', 'Barang Baru', '2021-03-31 04:15:47', '2021-03-31 04:15:47'),
(19, 17, '310321111840', '2021-03-31', 'Barang Baru', '2021-03-31 04:18:40', '2021-03-31 04:18:40'),
(20, 18, '310321112413', '2021-03-31', 'Barang Baru', '2021-03-31 04:24:13', '2021-03-31 04:24:13'),
(21, 19, '310321113422', '2021-03-31', 'Barang Baru', '2021-03-31 04:34:22', '2021-03-31 04:34:22'),
(22, 20, '310321113900', '2021-03-31', 'Barang Baru', '2021-03-31 04:39:00', '2021-03-31 04:39:00'),
(23, 21, '310321114416', '2021-03-31', 'Barang Baru', '2021-03-31 04:44:16', '2021-03-31 04:44:16'),
(24, 22, '310321115335', '2021-03-31', 'Barang Baru', '2021-03-31 04:53:35', '2021-03-31 04:53:35'),
(25, 23, '310321115359', '2021-03-31', 'Barang Baru', '2021-03-31 04:53:59', '2021-03-31 04:53:59'),
(26, 24, '310321115924', '2021-03-31', 'Barang Baru', '2021-03-31 04:59:24', '2021-03-31 04:59:24'),
(27, 25, '310321120132', '2021-03-31', 'Barang Baru', '2021-03-31 05:01:33', '2021-03-31 05:01:33'),
(28, 26, '310321120153', '2021-03-31', 'Barang Baru', '2021-03-31 05:01:53', '2021-03-31 05:01:53'),
(29, 27, '310321120228', '2021-03-31', 'Barang Baru', '2021-03-31 05:02:29', '2021-03-31 05:02:29'),
(30, 28, '310321120258', '2021-03-31', 'Barang Baru', '2021-03-31 05:02:58', '2021-03-31 05:02:58'),
(31, 29, '310321120318', '2021-03-31', 'Barang Baru', '2021-03-31 05:03:18', '2021-03-31 05:03:18'),
(32, 30, '310321120333', '2021-03-31', 'Barang Baru', '2021-03-31 05:03:33', '2021-03-31 05:03:33'),
(33, 31, '310321120519', '2021-03-31', 'Barang Baru', '2021-03-31 05:05:19', '2021-03-31 05:05:19'),
(34, 32, '310321121025', '2021-03-31', 'Barang Baru', '2021-03-31 05:10:25', '2021-03-31 05:10:25'),
(35, 33, '310321121117', '2021-03-31', 'Barang Baru', '2021-03-31 05:11:17', '2021-03-31 05:11:17'),
(36, 34, '310321121220', '2021-03-31', 'Barang Baru', '2021-03-31 05:12:20', '2021-03-31 05:12:20'),
(37, 35, '310321121412', '2021-03-31', 'Barang Baru', '2021-03-31 05:14:12', '2021-03-31 05:14:12'),
(38, 36, '310321121646', '2021-03-31', 'Barang Baru', '2021-03-31 05:16:46', '2021-03-31 05:16:46'),
(39, 37, '310321123316', '2021-03-31', 'Barang Baru', '2021-03-31 05:33:16', '2021-03-31 05:33:16'),
(40, 38, '310321151111', '2021-03-31', 'Barang Baru', '2021-03-31 08:11:12', '2021-03-31 08:11:12'),
(41, 39, '310321153137', '2021-03-31', 'Barang Baru', '2021-03-31 08:31:38', '2021-03-31 08:31:38'),
(42, 40, '310321153543', '2021-03-31', 'Barang Baru', '2021-03-31 08:35:44', '2021-03-31 08:35:44'),
(43, 41, '310321153600', '2021-03-31', 'Barang Baru', '2021-03-31 08:36:00', '2021-03-31 08:36:00'),
(44, 42, '310321153620', '2021-03-31', 'Barang Baru', '2021-03-31 08:36:20', '2021-03-31 08:36:20'),
(45, 43, '310321153658', '2021-03-31', 'Barang Baru', '2021-03-31 08:36:58', '2021-03-31 08:36:58'),
(46, 44, '310321153715', '2021-03-31', 'Barang Baru', '2021-03-31 08:37:16', '2021-03-31 08:37:16'),
(47, 45, '310321153730', '2021-03-31', 'Barang Baru', '2021-03-31 08:37:30', '2021-03-31 08:37:30'),
(48, 46, '310321153747', '2021-03-31', 'Barang Baru', '2021-03-31 08:37:47', '2021-03-31 08:37:47'),
(49, 47, '310321153826', '2021-03-31', 'Barang Baru', '2021-03-31 08:38:27', '2021-03-31 08:38:27'),
(50, 48, '310321153932', '2021-03-31', 'Barang Baru', '2021-03-31 08:39:32', '2021-03-31 08:39:32'),
(51, 49, '310321153951', '2021-03-31', 'Barang Baru', '2021-03-31 08:39:51', '2021-03-31 08:39:51'),
(52, 50, '310321154012', '2021-03-31', 'Barang Baru', '2021-03-31 08:40:12', '2021-03-31 08:40:12'),
(53, 51, '310321154029', '2021-03-31', 'Barang Baru', '2021-03-31 08:40:29', '2021-03-31 08:40:29'),
(54, 52, '310321154142', '2021-03-31', 'Barang Baru', '2021-03-31 08:41:42', '2021-03-31 08:41:42'),
(55, 53, '310321154212', '2021-03-31', 'Barang Baru', '2021-03-31 08:42:12', '2021-03-31 08:42:12'),
(56, 54, '310321154253', '2021-03-31', 'Barang Baru', '2021-03-31 08:42:54', '2021-03-31 08:42:54'),
(57, 55, '310321154333', '2021-03-31', 'Barang Baru', '2021-03-31 08:43:33', '2021-03-31 08:43:33'),
(58, 56, '310321154550', '2021-03-31', 'Barang Baru', '2021-03-31 08:45:50', '2021-03-31 08:45:50'),
(59, 57, '310321154631', '2021-03-31', 'Barang Baru', '2021-03-31 08:46:31', '2021-03-31 08:46:31'),
(60, 58, '310321154707', '2021-03-31', 'Barang Baru', '2021-03-31 08:47:07', '2021-03-31 08:47:07'),
(61, 59, '310321154727', '2021-03-31', 'Barang Baru', '2021-03-31 08:47:28', '2021-03-31 08:47:28'),
(62, 60, '310321154752', '2021-03-31', 'Barang Baru', '2021-03-31 08:47:52', '2021-03-31 08:47:52'),
(63, 61, '310321154857', '2021-03-31', 'Barang Baru', '2021-03-31 08:48:57', '2021-03-31 08:48:57'),
(64, 62, '310321154914', '2021-03-31', 'Barang Baru', '2021-03-31 08:49:14', '2021-03-31 08:49:14'),
(65, 63, '310321154933', '2021-03-31', 'Barang Baru', '2021-03-31 08:49:34', '2021-03-31 08:49:34'),
(66, 64, '310321154949', '2021-03-31', 'Barang Baru', '2021-03-31 08:49:49', '2021-03-31 08:49:49'),
(67, 65, '310321155003', '2021-03-31', 'Barang Baru', '2021-03-31 08:50:04', '2021-03-31 08:50:04'),
(68, 66, '310321155102', '2021-03-31', 'Barang Baru', '2021-03-31 08:51:03', '2021-03-31 08:51:03'),
(69, 67, '310321155123', '2021-03-31', 'Barang Baru', '2021-03-31 08:51:24', '2021-03-31 08:51:24'),
(70, 68, '310321155211', '2021-03-31', 'Barang Baru', '2021-03-31 08:52:11', '2021-03-31 08:52:11'),
(71, 69, '310321155348', '2021-03-31', 'Barang Baru', '2021-03-31 08:53:48', '2021-03-31 08:53:48'),
(72, 70, '310321155430', '2021-03-31', 'Barang Baru', '2021-03-31 08:54:31', '2021-03-31 08:54:31'),
(73, 71, '310321155552', '2021-03-31', 'Barang Baru', '2021-03-31 08:55:52', '2021-03-31 08:55:52'),
(74, 72, '310321155614', '2021-03-31', 'Barang Baru', '2021-03-31 08:56:15', '2021-03-31 08:56:15'),
(75, 73, '310321155701', '2021-03-31', 'Barang Baru', '2021-03-31 08:57:02', '2021-03-31 08:57:02'),
(76, 74, '310321155720', '2021-03-31', 'Barang Baru', '2021-03-31 08:57:20', '2021-03-31 08:57:20'),
(77, 75, '310321155733', '2021-03-31', 'Barang Baru', '2021-03-31 08:57:33', '2021-03-31 08:57:33'),
(78, 76, '310321155950', '2021-03-31', 'Barang Baru', '2021-03-31 08:59:50', '2021-03-31 08:59:50'),
(79, 77, '310321160126', '2021-03-31', 'Barang Baru', '2021-03-31 09:01:26', '2021-03-31 09:01:26'),
(80, 78, '310321160401', '2021-03-31', 'Barang Baru', '2021-03-31 09:04:02', '2021-03-31 09:04:02'),
(81, 79, '310321160504', '2021-03-31', 'Barang Baru', '2021-03-31 09:05:04', '2021-03-31 09:05:04'),
(82, 80, '010421131455', '2021-04-01', 'Barang Baru', '2021-04-01 06:14:56', '2021-04-01 06:14:56'),
(83, 81, '010421131521', '2021-04-01', 'Barang Baru', '2021-04-01 06:15:22', '2021-04-01 06:15:22'),
(84, 82, '010421131549', '2021-04-01', 'Barang Baru', '2021-04-01 06:15:49', '2021-04-01 06:15:49'),
(85, 83, '010421131612', '2021-04-01', 'Barang Baru', '2021-04-01 06:16:12', '2021-04-01 06:16:12'),
(86, 84, '010421131641', '2021-04-01', 'Barang Baru', '2021-04-01 06:16:41', '2021-04-01 06:16:41'),
(87, 85, '010421131800', '2021-04-01', 'Barang Baru', '2021-04-01 06:18:00', '2021-04-01 06:18:00'),
(88, 86, '010421131814', '2021-04-01', 'Barang Baru', '2021-04-01 06:18:14', '2021-04-01 06:18:14'),
(89, 87, '010421131829', '2021-04-01', 'Barang Baru', '2021-04-01 06:18:29', '2021-04-01 06:18:29'),
(90, 88, '010421131904', '2021-04-01', 'Barang Baru', '2021-04-01 06:19:04', '2021-04-01 06:19:04'),
(91, 89, '010421131944', '2021-04-01', 'Barang Baru', '2021-04-01 06:19:44', '2021-04-01 06:19:44'),
(92, 90, '010421132013', '2021-04-01', 'Barang Baru', '2021-04-01 06:20:14', '2021-04-01 06:20:14'),
(93, 91, '010421132036', '2021-04-01', 'Barang Baru', '2021-04-01 06:20:36', '2021-04-01 06:20:36'),
(94, 92, '010421132056', '2021-04-01', 'Barang Baru', '2021-04-01 06:20:56', '2021-04-01 06:20:56'),
(95, 93, '010421132211', '2021-04-01', 'Barang Baru', '2021-04-01 06:22:12', '2021-04-01 06:22:12'),
(96, 94, '010421132321', '2021-04-01', 'Barang Baru', '2021-04-01 06:23:21', '2021-04-01 06:23:21'),
(97, 95, '010421132340', '2021-04-01', 'Barang Baru', '2021-04-01 06:23:40', '2021-04-01 06:23:40'),
(98, 96, '010421132449', '2021-04-01', 'Barang Baru', '2021-04-01 06:24:49', '2021-04-01 06:24:49'),
(99, 97, '010421132606', '2021-04-01', 'Barang Baru', '2021-04-01 06:26:06', '2021-04-01 06:26:06'),
(100, 98, '010421132620', '2021-04-01', 'Barang Baru', '2021-04-01 06:26:20', '2021-04-01 06:26:20'),
(101, 99, '010421132645', '2021-04-01', 'Barang Baru', '2021-04-01 06:26:45', '2021-04-01 06:26:45'),
(102, 100, '010421132914', '2021-04-01', 'Barang Baru', '2021-04-01 06:29:14', '2021-04-01 06:29:14'),
(103, 101, '010421132931', '2021-04-01', 'Barang Baru', '2021-04-01 06:29:31', '2021-04-01 06:29:31'),
(104, 102, '010421133000', '2021-04-01', 'Barang Baru', '2021-04-01 06:30:01', '2021-04-01 06:30:01'),
(105, 103, '010421133013', '2021-04-01', 'Barang Baru', '2021-04-01 06:30:13', '2021-04-01 06:30:13'),
(106, 104, '010421133029', '2021-04-01', 'Barang Baru', '2021-04-01 06:30:29', '2021-04-01 06:30:29'),
(107, 105, '010421133048', '2021-04-01', 'Barang Baru', '2021-04-01 06:30:48', '2021-04-01 06:30:48'),
(108, 106, '010421133108', '2021-04-01', 'Barang Baru', '2021-04-01 06:31:08', '2021-04-01 06:31:08'),
(109, 107, '010421133200', '2021-04-01', 'Barang Baru', '2021-04-01 06:32:00', '2021-04-01 06:32:00'),
(110, 108, '010421133303', '2021-04-01', 'Barang Baru', '2021-04-01 06:33:03', '2021-04-01 06:33:03'),
(111, 109, '010421133401', '2021-04-01', 'Barang Baru', '2021-04-01 06:34:01', '2021-04-01 06:34:01'),
(112, 110, '010421133423', '2021-04-01', 'Barang Baru', '2021-04-01 06:34:24', '2021-04-01 06:34:24'),
(113, 111, '010421133539', '2021-04-01', 'Barang Baru', '2021-04-01 06:35:39', '2021-04-01 06:35:39'),
(114, 112, '010421133645', '2021-04-01', 'Barang Baru', '2021-04-01 06:36:45', '2021-04-01 06:36:45'),
(115, 113, '010421133722', '2021-04-01', 'Barang Baru', '2021-04-01 06:37:22', '2021-04-01 06:37:22'),
(116, 114, '010421134157', '2021-04-01', 'Barang Baru', '2021-04-01 06:41:57', '2021-04-01 06:41:57'),
(117, 115, '010421134211', '2021-04-01', 'Barang Baru', '2021-04-01 06:42:11', '2021-04-01 06:42:11'),
(118, 116, '010421134258', '2021-04-01', 'Barang Baru', '2021-04-01 06:42:58', '2021-04-01 06:42:58'),
(119, 117, '010421134433', '2021-04-01', 'Barang Baru', '2021-04-01 06:44:33', '2021-04-01 06:44:33'),
(120, 118, '010421134447', '2021-04-01', 'Barang Baru', '2021-04-01 06:44:47', '2021-04-01 06:44:47'),
(121, 119, '010421134501', '2021-04-01', 'Barang Baru', '2021-04-01 06:45:01', '2021-04-01 06:45:01'),
(122, 120, '010421134514', '2021-04-01', 'Barang Baru', '2021-04-01 06:45:14', '2021-04-01 06:45:14'),
(123, 121, '010421134539', '2021-04-01', 'Barang Baru', '2021-04-01 06:45:40', '2021-04-01 06:45:40'),
(124, 122, '010421134556', '2021-04-01', 'Barang Baru', '2021-04-01 06:45:56', '2021-04-01 06:45:56'),
(125, 123, '010421134610', '2021-04-01', 'Barang Baru', '2021-04-01 06:46:10', '2021-04-01 06:46:10'),
(126, 124, '010421134628', '2021-04-01', 'Barang Baru', '2021-04-01 06:46:28', '2021-04-01 06:46:28'),
(127, 125, '010421134649', '2021-04-01', 'Barang Baru', '2021-04-01 06:46:49', '2021-04-01 06:46:49'),
(128, 126, '010421134757', '2021-04-01', 'Barang Baru', '2021-04-01 06:47:57', '2021-04-01 06:47:57'),
(129, 127, '010421134818', '2021-04-01', 'Barang Baru', '2021-04-01 06:48:18', '2021-04-01 06:48:18'),
(130, 128, '010421134834', '2021-04-01', 'Barang Baru', '2021-04-01 06:48:34', '2021-04-01 06:48:34'),
(131, 129, '010421134850', '2021-04-01', 'Barang Baru', '2021-04-01 06:48:50', '2021-04-01 06:48:50'),
(132, 130, '010421134945', '2021-04-01', 'Barang Baru', '2021-04-01 06:49:45', '2021-04-01 06:49:45'),
(133, 131, '010421135035', '2021-04-01', 'Barang Baru', '2021-04-01 06:50:35', '2021-04-01 06:50:35'),
(134, 132, '010421135053', '2021-04-01', 'Barang Baru', '2021-04-01 06:50:53', '2021-04-01 06:50:53'),
(135, 133, '010421135129', '2021-04-01', 'Barang Baru', '2021-04-01 06:51:29', '2021-04-01 06:51:29'),
(136, 134, '010421135146', '2021-04-01', 'Barang Baru', '2021-04-01 06:51:46', '2021-04-01 06:51:46'),
(137, 135, '010421135215', '2021-04-01', 'Barang Baru', '2021-04-01 06:52:15', '2021-04-01 06:52:15'),
(138, 136, '010421135344', '2021-04-01', 'Barang Baru', '2021-04-01 06:53:44', '2021-04-01 06:53:44'),
(139, 137, '010421135410', '2021-04-01', 'Barang Baru', '2021-04-01 06:54:11', '2021-04-01 06:54:11'),
(140, 138, '010421140855', '2021-04-01', 'Barang Baru', '2021-04-01 07:08:55', '2021-04-01 07:08:55'),
(141, 139, '010421140918', '2021-04-01', 'Barang Baru', '2021-04-01 07:09:18', '2021-04-01 07:09:18'),
(142, 140, '010421140932', '2021-04-01', 'Barang Baru', '2021-04-01 07:09:32', '2021-04-01 07:09:32'),
(143, 141, '010421140947', '2021-04-01', 'Barang Baru', '2021-04-01 07:09:48', '2021-04-01 07:09:48'),
(144, 142, '010421141007', '2021-04-01', 'Barang Baru', '2021-04-01 07:10:08', '2021-04-01 07:10:08'),
(145, 143, '010421141035', '2021-04-01', 'Barang Baru', '2021-04-01 07:10:35', '2021-04-01 07:10:35'),
(146, 144, '010421141303', '2021-04-01', 'Barang Baru', '2021-04-01 07:13:03', '2021-04-01 07:13:03'),
(147, 145, '010421141322', '2021-04-01', 'Barang Baru', '2021-04-01 07:13:23', '2021-04-01 07:13:23'),
(148, 146, '010421141516', '2021-04-01', 'Barang Baru', '2021-04-01 07:15:16', '2021-04-01 07:15:16'),
(149, 147, '050421094507', '2021-04-05', 'Barang Baru', '2021-04-05 02:45:08', '2021-04-05 02:45:08'),
(150, 1, '010221181212', '2021-04-05', 'Dikembalikan', '2021-04-05 02:47:18', '2021-04-05 02:47:18'),
(151, 7, '170221145131', '2021-04-05', 'Dikembalikan', '2021-04-05 02:47:23', '2021-04-05 02:47:23');

-- --------------------------------------------------------

--
-- Table structure for table `migrations`
--

CREATE TABLE `migrations` (
  `id` int(10) UNSIGNED NOT NULL,
  `migration` varchar(255) COLLATE utf8mb4_unicode_ci NOT NULL,
  `batch` int(11) NOT NULL
) ENGINE=InnoDB DEFAULT CHARSET=utf8mb4 COLLATE=utf8mb4_unicode_ci;

--
-- Dumping data for table `migrations`
--

INSERT INTO `migrations` (`id`, `migration`, `batch`) VALUES
(26, '2014_10_12_000000_create_users_table', 1),
(27, '2014_10_12_100000_create_password_resets_table', 1),
(28, '2019_08_19_000000_create_failed_jobs_table', 1),
(29, '2021_02_01_042157_create_funds_table', 1),
(30, '2021_02_01_044408_create_bengkels_table', 1),
(31, '2021_02_01_055107_create_items_table', 1),
(32, '2021_02_07_121009_create_masuks_table', 2),
(33, '2021_02_07_121527_create_keluars_table', 2),
(34, '2021_02_12_053816_create_list_pinjams_table', 3),
(39, '2021_02_13_075638_create_data_pinjams_table', 4),
(41, '2021_02_14_085642_edit_item', 5),
(43, '2021_02_14_113011_edit_masuk', 6),
(44, '2021_02_17_081050_edit_item2', 7),
(46, '2021_02_17_120335_create_rusaks_table', 8),
(47, '2021_02_18_083640_create_perbaikans_table', 9),
(48, '2021_02_20_122040_edit_keluar_masuk', 10);

-- --------------------------------------------------------

--
-- Table structure for table `password_resets`
--

CREATE TABLE `password_resets` (
  `email` varchar(255) COLLATE utf8mb4_unicode_ci NOT NULL,
  `token` varchar(255) COLLATE utf8mb4_unicode_ci NOT NULL,
  `created_at` timestamp NULL DEFAULT NULL
) ENGINE=InnoDB DEFAULT CHARSET=utf8mb4 COLLATE=utf8mb4_unicode_ci;

-- --------------------------------------------------------

--
-- Table structure for table `perbaikans`
--

CREATE TABLE `perbaikans` (
  `id` bigint(20) UNSIGNED NOT NULL,
  `kode_perbaikan` varchar(7) COLLATE utf8mb4_unicode_ci NOT NULL,
  `id_rusak` bigint(20) UNSIGNED NOT NULL,
  `id_barang` bigint(20) UNSIGNED NOT NULL,
  `kode_barang` varchar(12) COLLATE utf8mb4_unicode_ci NOT NULL,
  `id_fund` bigint(20) UNSIGNED NOT NULL,
  `tanggal_pengajuan` date NOT NULL,
  `tanggal_persetujuan` date DEFAULT NULL,
  `tanggal_selesai` date DEFAULT NULL,
  `created_at` timestamp NULL DEFAULT NULL,
  `updated_at` timestamp NULL DEFAULT NULL
) ENGINE=InnoDB DEFAULT CHARSET=utf8mb4 COLLATE=utf8mb4_unicode_ci;

--
-- Dumping data for table `perbaikans`
--

INSERT INTO `perbaikans` (`id`, `kode_perbaikan`, `id_rusak`, `id_barang`, `kode_barang`, `id_fund`, `tanggal_pengajuan`, `tanggal_persetujuan`, `tanggal_selesai`, `created_at`, `updated_at`) VALUES
(1, 'PBK0001', 1, 1, '010221181212', 1, '2021-02-19', '2021-02-20', '2021-02-20', '2021-02-19 05:11:34', '2021-02-20 01:39:07'),
(4, 'PBK0002', 3, 1, '010221181212', 1, '2021-02-22', '2021-03-16', '2021-03-17', '2021-02-22 02:44:16', '2021-03-17 04:57:20'),
(5, 'PBK0003', 4, 3, '070221202159', 1, '2021-02-23', '2021-02-23', '2021-04-05', '2021-02-22 21:17:48', '2021-04-05 02:53:31'),
(6, 'PBK0004', 5, 2, '010221181831', 1, '2021-02-26', '2021-03-17', NULL, '2021-02-26 02:06:14', '2021-03-17 04:51:31'),
(7, 'PBK0005', 6, 11, '240221095740', 1, '2021-03-17', '2021-04-05', NULL, '2021-03-17 04:57:54', '2021-04-05 02:52:27'),
(8, 'PBK0006', 7, 7, '170221145131', 1, '2021-04-05', NULL, NULL, '2021-04-05 02:49:16', '2021-04-05 02:49:16'),
(9, 'PBK0007', 8, 3, '070221202159', 1, '2021-04-08', NULL, NULL, '2021-04-07 23:53:57', '2021-04-07 23:53:57');

-- --------------------------------------------------------

--
-- Table structure for table `rusaks`
--

CREATE TABLE `rusaks` (
  `id` bigint(20) UNSIGNED NOT NULL,
  `id_barang` bigint(20) UNSIGNED NOT NULL,
  `kode_barang` varchar(12) COLLATE utf8mb4_unicode_ci NOT NULL,
  `detail` text COLLATE utf8mb4_unicode_ci NOT NULL,
  `status` varchar(30) COLLATE utf8mb4_unicode_ci NOT NULL,
  `created_at` timestamp NULL DEFAULT NULL,
  `updated_at` timestamp NULL DEFAULT NULL
) ENGINE=InnoDB DEFAULT CHARSET=utf8mb4 COLLATE=utf8mb4_unicode_ci;

--
-- Dumping data for table `rusaks`
--

INSERT INTO `rusaks` (`id`, `id_barang`, `kode_barang`, `detail`, `status`, `created_at`, `updated_at`) VALUES
(1, 1, '010221181212', 'kabel rusak', 'Sudah Diperbaiki', '2021-02-17 05:35:13', '2021-02-22 02:28:19'),
(3, 1, '010221181212', 'meledak', 'Sudah Diperbaiki', '2021-02-22 02:14:19', '2021-03-17 04:57:20'),
(4, 3, '070221202159', 'rxukhbkjtdkvj', 'Sudah Diperbaiki', '2021-02-22 21:17:23', '2021-04-05 02:53:31'),
(5, 2, '010221181831', 'ygfuiio', 'Sedang Diperbaiki', '2021-02-26 02:05:48', '2021-03-17 04:51:31'),
(6, 11, '240221095740', 'fghhkj', 'Sedang Diperbaiki', '2021-03-17 04:55:29', '2021-04-05 02:52:27'),
(7, 7, '170221145131', 'rusak', 'Menunggu Persetujuan', '2021-04-05 02:49:02', '2021-04-05 02:49:16'),
(8, 3, '070221202159', 'kerusakn pada penyangga', 'Menunggu Persetujuan', '2021-04-07 23:53:39', '2021-04-07 23:53:58'),
(9, 10, '240221093802', 'oiuygf', 'Menunggu Perbaikan', '2021-04-08 01:16:42', '2021-04-08 01:16:42');

-- --------------------------------------------------------

--
-- Table structure for table `users`
--

CREATE TABLE `users` (
  `id` bigint(20) UNSIGNED NOT NULL,
  `name` varchar(255) COLLATE utf8mb4_unicode_ci NOT NULL,
  `username` varchar(255) COLLATE utf8mb4_unicode_ci NOT NULL,
  `email_verified_at` timestamp NULL DEFAULT NULL,
  `status` int(11) DEFAULT NULL,
  `pj` varchar(40) COLLATE utf8mb4_unicode_ci DEFAULT NULL,
  `foto` text COLLATE utf8mb4_unicode_ci DEFAULT NULL,
  `password` varchar(255) COLLATE utf8mb4_unicode_ci NOT NULL,
  `remember_token` varchar(100) COLLATE utf8mb4_unicode_ci DEFAULT NULL,
  `created_at` timestamp NULL DEFAULT NULL,
  `updated_at` timestamp NULL DEFAULT NULL
) ENGINE=InnoDB DEFAULT CHARSET=utf8mb4 COLLATE=utf8mb4_unicode_ci;

--
-- Dumping data for table `users`
--

INSERT INTO `users` (`id`, `name`, `username`, `email_verified_at`, `status`, `pj`, `foto`, `password`, `remember_token`, `created_at`, `updated_at`) VALUES
(1, 'Ahmad Rifki', 'rifki06', NULL, 0, NULL, 'profile11617585310.jpg', '$2y$10$nrInDBkB5.fZHb9D/uEsB.BKCKW151VVf3OXnY6.0ZfPUuJpYBOpq', NULL, '2021-02-10 23:08:51', '2021-04-05 01:15:10'),
(2, 'admin', 'admin', NULL, 0, NULL, 'profile.jpg', '$2y$10$skwnPSwVsVKft9w0zVuCxezka43xPTzngwGTwUNS/kCBfFhryVLTa', NULL, '2021-02-16 05:16:41', '2021-03-17 03:14:01'),
(4, 'admin2', 'admin2', NULL, 0, NULL, 'profile.jpg', '$2y$10$uxvUZUcQP9SJx1JFgILQKezy13FhRpGlr2X478vVMTRROUuqKrd1u', NULL, '2021-02-16 05:48:57', '2021-02-16 05:48:57'),
(5, 'Jamie Vardy', 'vardy', NULL, 1, 'DPIB', 'profile.jpg', '$2y$10$TglN/Ne/GhYi2iq54QGoaeMvtkxSKRsKKWs1RSDI7FC.Fk4zRbZE6', NULL, '2021-02-16 05:58:30', '2021-04-04 06:08:22'),
(6, 'Gunaryoko', 'gunaryoko', NULL, 1, 'RPL', 'profile.jpg', '$2y$10$7Xh/PU1w7cnHZsPVPsBUDuon39XdC.j6FxYodD9ZW/OwwlQb3HEay', NULL, '2021-02-16 05:59:57', '2021-02-28 22:41:44'),
(7, 'Jack Grealish', 'jack', NULL, 1, 'TBSM', 'profile71614228755.jpg', '$2y$10$Cm3zQZmFbskebdzTfcBfL.J6s7Xtumv6yHDLV5aHA7jQOELaGyTGe', NULL, '2021-02-16 06:01:14', '2021-02-28 22:43:00'),
(8, 'Bruno Fernandes', 'bruno', NULL, 1, ' 	TPm', 'profile.jpg', '$2y$10$0IGcYZrVn2utni.gOD8Cmu3OjxNE7nb0.hrMJQj8.Iuo3mQ.xPOda', NULL, '2021-02-16 06:02:38', '2021-02-28 22:43:34'),
(9, 'Thomas Muller', 'thomas', NULL, 1, 'EI', 'profile.jpg', '$2y$10$1gdMwGjReFYngR4sDVYv4ua3MuEJrk8ue43xaxQS8QOF.LOY8IJzm', NULL, '2021-02-16 20:31:10', '2021-02-28 22:45:10'),
(10, 'Erling Haaland', 'erling', NULL, 1, 'OI', 'profile.jpg', '$2y$10$hIrCnZyAp.DEFfubzdgO2e003bXpwVg7/OJ1ZjNLOei99XsHy8L5a', NULL, '2021-02-21 06:14:17', '2021-02-21 06:14:43'),
(11, 'Robert Lewandowski', 'robert', NULL, 1, NULL, 'profile.jpg', '$2y$10$waIWgcjUK05jkfXZixVIGObTKugpWBiFILNMTLocdjKSXHbX2OQhm', NULL, '2021-02-22 22:25:15', '2021-02-28 22:46:33');

--
-- Indexes for dumped tables
--

--
-- Indexes for table `bengkels`
--
ALTER TABLE `bengkels`
  ADD PRIMARY KEY (`id`),
  ADD KEY `pj` (`id_pj`);

--
-- Indexes for table `data_pinjams`
--
ALTER TABLE `data_pinjams`
  ADD PRIMARY KEY (`id`),
  ADD KEY `data_pinjams_id_barang_foreign` (`id_barang`);

--
-- Indexes for table `failed_jobs`
--
ALTER TABLE `failed_jobs`
  ADD PRIMARY KEY (`id`),
  ADD UNIQUE KEY `failed_jobs_uuid_unique` (`uuid`);

--
-- Indexes for table `funds`
--
ALTER TABLE `funds`
  ADD PRIMARY KEY (`id`);

--
-- Indexes for table `items`
--
ALTER TABLE `items`
  ADD PRIMARY KEY (`id`),
  ADD UNIQUE KEY `kode` (`kode`),
  ADD KEY `items_id_bengkel_foreign` (`id_bengkel`),
  ADD KEY `items_id_fund_foreign` (`id_fund`);

--
-- Indexes for table `keluars`
--
ALTER TABLE `keluars`
  ADD PRIMARY KEY (`id`),
  ADD KEY `id_barang` (`id_barang`);

--
-- Indexes for table `list_pinjams`
--
ALTER TABLE `list_pinjams`
  ADD PRIMARY KEY (`id`),
  ADD KEY `list_pinjams_id_barang_foreign` (`id_barang`);

--
-- Indexes for table `masuks`
--
ALTER TABLE `masuks`
  ADD PRIMARY KEY (`id`),
  ADD KEY `id_barang` (`id_barang`);

--
-- Indexes for table `migrations`
--
ALTER TABLE `migrations`
  ADD PRIMARY KEY (`id`);

--
-- Indexes for table `password_resets`
--
ALTER TABLE `password_resets`
  ADD KEY `password_resets_email_index` (`email`);

--
-- Indexes for table `perbaikans`
--
ALTER TABLE `perbaikans`
  ADD PRIMARY KEY (`id`),
  ADD KEY `perbaikans_id_barang_foreign` (`id_barang`),
  ADD KEY `perbaikans_id_fund_foreign` (`id_fund`),
  ADD KEY `id_rusak` (`id_rusak`);

--
-- Indexes for table `rusaks`
--
ALTER TABLE `rusaks`
  ADD PRIMARY KEY (`id`),
  ADD KEY `rusaks_id_barang_foreign` (`id_barang`);

--
-- Indexes for table `users`
--
ALTER TABLE `users`
  ADD PRIMARY KEY (`id`),
  ADD UNIQUE KEY `users_email_unique` (`username`);

--
-- AUTO_INCREMENT for dumped tables
--

--
-- AUTO_INCREMENT for table `bengkels`
--
ALTER TABLE `bengkels`
  MODIFY `id` bigint(20) UNSIGNED NOT NULL AUTO_INCREMENT, AUTO_INCREMENT=7;

--
-- AUTO_INCREMENT for table `data_pinjams`
--
ALTER TABLE `data_pinjams`
  MODIFY `id` bigint(20) UNSIGNED NOT NULL AUTO_INCREMENT, AUTO_INCREMENT=16;

--
-- AUTO_INCREMENT for table `failed_jobs`
--
ALTER TABLE `failed_jobs`
  MODIFY `id` bigint(20) UNSIGNED NOT NULL AUTO_INCREMENT;

--
-- AUTO_INCREMENT for table `funds`
--
ALTER TABLE `funds`
  MODIFY `id` bigint(20) UNSIGNED NOT NULL AUTO_INCREMENT, AUTO_INCREMENT=3;

--
-- AUTO_INCREMENT for table `items`
--
ALTER TABLE `items`
  MODIFY `id` bigint(20) UNSIGNED NOT NULL AUTO_INCREMENT, AUTO_INCREMENT=148;

--
-- AUTO_INCREMENT for table `keluars`
--
ALTER TABLE `keluars`
  MODIFY `id` bigint(20) UNSIGNED NOT NULL AUTO_INCREMENT, AUTO_INCREMENT=17;

--
-- AUTO_INCREMENT for table `list_pinjams`
--
ALTER TABLE `list_pinjams`
  MODIFY `id` bigint(20) UNSIGNED NOT NULL AUTO_INCREMENT, AUTO_INCREMENT=33;

--
-- AUTO_INCREMENT for table `masuks`
--
ALTER TABLE `masuks`
  MODIFY `id` bigint(20) UNSIGNED NOT NULL AUTO_INCREMENT, AUTO_INCREMENT=152;

--
-- AUTO_INCREMENT for table `migrations`
--
ALTER TABLE `migrations`
  MODIFY `id` int(10) UNSIGNED NOT NULL AUTO_INCREMENT, AUTO_INCREMENT=49;

--
-- AUTO_INCREMENT for table `perbaikans`
--
ALTER TABLE `perbaikans`
  MODIFY `id` bigint(20) UNSIGNED NOT NULL AUTO_INCREMENT, AUTO_INCREMENT=10;

--
-- AUTO_INCREMENT for table `rusaks`
--
ALTER TABLE `rusaks`
  MODIFY `id` bigint(20) UNSIGNED NOT NULL AUTO_INCREMENT, AUTO_INCREMENT=10;

--
-- AUTO_INCREMENT for table `users`
--
ALTER TABLE `users`
  MODIFY `id` bigint(20) UNSIGNED NOT NULL AUTO_INCREMENT, AUTO_INCREMENT=12;

--
-- Constraints for dumped tables
--

--
-- Constraints for table `bengkels`
--
ALTER TABLE `bengkels`
  ADD CONSTRAINT `bengkels_ibfk_1` FOREIGN KEY (`id_pj`) REFERENCES `users` (`id`);

--
-- Constraints for table `data_pinjams`
--
ALTER TABLE `data_pinjams`
  ADD CONSTRAINT `data_pinjams_id_barang_foreign` FOREIGN KEY (`id_barang`) REFERENCES `items` (`id`);

--
-- Constraints for table `items`
--
ALTER TABLE `items`
  ADD CONSTRAINT `items_id_bengkel_foreign` FOREIGN KEY (`id_bengkel`) REFERENCES `bengkels` (`id`),
  ADD CONSTRAINT `items_id_fund_foreign` FOREIGN KEY (`id_fund`) REFERENCES `funds` (`id`);

--
-- Constraints for table `keluars`
--
ALTER TABLE `keluars`
  ADD CONSTRAINT `keluars_id_barang_foreign` FOREIGN KEY (`id_barang`) REFERENCES `items` (`id`);

--
-- Constraints for table `list_pinjams`
--
ALTER TABLE `list_pinjams`
  ADD CONSTRAINT `list_pinjams_id_barang_foreign` FOREIGN KEY (`id_barang`) REFERENCES `items` (`id`);

--
-- Constraints for table `masuks`
--
ALTER TABLE `masuks`
  ADD CONSTRAINT `masuks_id_barang_foreign` FOREIGN KEY (`id_barang`) REFERENCES `items` (`id`);

--
-- Constraints for table `perbaikans`
--
ALTER TABLE `perbaikans`
  ADD CONSTRAINT `perbaikans_ibfk_1` FOREIGN KEY (`id_rusak`) REFERENCES `rusaks` (`id`),
  ADD CONSTRAINT `perbaikans_id_barang_foreign` FOREIGN KEY (`id_barang`) REFERENCES `items` (`id`),
  ADD CONSTRAINT `perbaikans_id_fund_foreign` FOREIGN KEY (`id_fund`) REFERENCES `funds` (`id`);

--
-- Constraints for table `rusaks`
--
ALTER TABLE `rusaks`
  ADD CONSTRAINT `rusaks_id_barang_foreign` FOREIGN KEY (`id_barang`) REFERENCES `items` (`id`);
COMMIT;

/*!40101 SET CHARACTER_SET_CLIENT=@OLD_CHARACTER_SET_CLIENT */;
/*!40101 SET CHARACTER_SET_RESULTS=@OLD_CHARACTER_SET_RESULTS */;
/*!40101 SET COLLATION_CONNECTION=@OLD_COLLATION_CONNECTION */;
